subject_id,display_name,case_id,phone,legal_status,is_synthetic
SYN-SUB-001,Aarav Rao Demo 01,KSP-CR-2048,9010100156,fictional_subject_not_adjudicated,true
SYN-SUB-002,Aarav Kumar Demo 01,KSP-CR-2048,9010200175,fictional_subject_not_adjudicated,true
SYN-SUB-003,Aarav Patil Demo 01,KSP-CR-2048,9010300194,fictional_subject_not_adjudicated,true
SYN-SUB-004,Aarav Shetty Demo 01,KSP-CR-2048,9010400213,fictional_subject_not_adjudicated,true
SYN-SUB-005,Aarav Kulkarni Demo 01,KSP-CR-2048,9010500232,fictional_subject_not_adjudicated,true
SYN-SUB-006,Aditi Rao Demo 02,KSP-CR-2099,9020100293,fictional_subject_not_adjudicated,true
SYN-SUB-007,Aditi Kumar Demo 02,KSP-CR-2099,9020200312,fictional_subject_not_adjudicated,true
SYN-SUB-008,Aditi Patil Demo 02,KSP-CR-2099,9020300331,fictional_subject_not_adjudicated,true
SYN-SUB-009,Aditi Shetty Demo 02,KSP-CR-2099,9020400350,fictional_subject_not_adjudicated,true
SYN-SUB-010,Aditi Kulkarni Demo 02,KSP-CR-2099,9020500369,fictional_subject_not_adjudicated,true
SYN-SUB-011,Akash Rao Demo 03,KSP-SYN-003,9030100430,fictional_subject_not_adjudicated,true
SYN-SUB-012,Akash Kumar Demo 03,KSP-SYN-003,9030200449,fictional_subject_not_adjudicated,true
SYN-SUB-013,Akash Patil Demo 03,KSP-SYN-003,9030300468,fictional_subject_not_adjudicated,true
SYN-SUB-014,Akash Shetty Demo 03,KSP-SYN-003,9030400487,fictional_subject_not_adjudicated,true
SYN-SUB-015,Akash Kulkarni Demo 03,KSP-SYN-003,9030500506,fictional_subject_not_adjudicated,true
SYN-SUB-016,Ananya Rao Demo 04,KSP-SYN-004,9040100567,fictional_subject_not_adjudicated,true
SYN-SUB-017,Ananya Kumar Demo 04,KSP-SYN-004,9040200586,fictional_subject_not_adjudicated,true
SYN-SUB-018,Ananya Patil Demo 04,KSP-SYN-004,9040300605,fictional_subject_not_adjudicated,true
SYN-SUB-019,Ananya Shetty Demo 04,KSP-SYN-004,9040400624,fictional_subject_not_adjudicated,true
SYN-SUB-020,Ananya Kulkarni Demo 04,KSP-SYN-004,9040500643,fictional_subject_not_adjudicated,true
SYN-SUB-021,Arjun Rao Demo 05,KSP-SYN-005,9050100704,fictional_subject_not_adjudicated,true
SYN-SUB-022,Arjun Kumar Demo 05,KSP-SYN-005,9050200723,fictional_subject_not_adjudicated,true
SYN-SUB-023,Arjun Patil Demo 05,KSP-SYN-005,9050300742,fictional_subject_not_adjudicated,true
SYN-SUB-024,Arjun Shetty Demo 05,KSP-SYN-005,9050400761,fictional_subject_not_adjudicated,true
SYN-SUB-025,Arjun Kulkarni Demo 05,KSP-SYN-005,9050500780,fictional_subject_not_adjudicated,true
SYN-SUB-026,Bhavna Rao Demo 06,KSP-SYN-006,9060100841,fictional_subject_not_adjudicated,true
SYN-SUB-027,Bhavna Kumar Demo 06,KSP-SYN-006,9060200860,fictional_subject_not_adjudicated,true
SYN-SUB-028,Bhavna Patil Demo 06,KSP-SYN-006,9060300879,fictional_subject_not_adjudicated,true
SYN-SUB-029,Bhavna Shetty Demo 06,KSP-SYN-006,9060400898,fictional_subject_not_adjudicated,true
SYN-SUB-030,Bhavna Kulkarni Demo 06,KSP-SYN-006,9060500917,fictional_subject_not_adjudicated,true
SYN-SUB-031,Charan Rao Demo 07,KSP-SYN-007,9070100978,fictional_subject_not_adjudicated,true
SYN-SUB-032,Charan Kumar Demo 07,KSP-SYN-007,9070200997,fictional_subject_not_adjudicated,true
SYN-SUB-033,Charan Patil Demo 07,KSP-SYN-007,9070301016,fictional_subject_not_adjudicated,true
SYN-SUB-034,Charan Shetty Demo 07,KSP-SYN-007,9070401035,fictional_subject_not_adjudicated,true
SYN-SUB-035,Charan Kulkarni Demo 07,KSP-SYN-007,9070501054,fictional_subject_not_adjudicated,true
SYN-SUB-036,Deepa Rao Demo 08,KSP-SYN-008,9080101115,fictional_subject_not_adjudicated,true
SYN-SUB-037,Deepa Kumar Demo 08,KSP-SYN-008,9080201134,fictional_subject_not_adjudicated,true
SYN-SUB-038,Deepa Patil Demo 08,KSP-SYN-008,9080301153,fictional_subject_not_adjudicated,true
SYN-SUB-039,Deepa Shetty Demo 08,KSP-SYN-008,9080401172,fictional_subject_not_adjudicated,true
SYN-SUB-040,Deepa Kulkarni Demo 08,KSP-SYN-008,9080501191,fictional_subject_not_adjudicated,true
SYN-SUB-041,Dev Rao Demo 09,KSP-SYN-009,9090101252,fictional_subject_not_adjudicated,true
SYN-SUB-042,Dev Kumar Demo 09,KSP-SYN-009,9090201271,fictional_subject_not_adjudicated,true
SYN-SUB-043,Dev Patil Demo 09,KSP-SYN-009,9090301290,fictional_subject_not_adjudicated,true
SYN-SUB-044,Dev Shetty Demo 09,KSP-SYN-009,9090401309,fictional_subject_not_adjudicated,true
SYN-SUB-045,Dev Kulkarni Demo 09,KSP-SYN-009,9090501328,fictional_subject_not_adjudicated,true
SYN-SUB-046,Farah Rao Demo 10,KSP-SYN-010,9100101389,fictional_subject_not_adjudicated,true
SYN-SUB-047,Farah Kumar Demo 10,KSP-SYN-010,9100201408,fictional_subject_not_adjudicated,true
SYN-SUB-048,Farah Patil Demo 10,KSP-SYN-010,9100301427,fictional_subject_not_adjudicated,true
SYN-SUB-049,Farah Shetty Demo 10,KSP-SYN-010,9100401446,fictional_subject_not_adjudicated,true
SYN-SUB-050,Farah Kulkarni Demo 10,KSP-SYN-010,9100501465,fictional_subject_not_adjudicated,true
SYN-SUB-051,Girish Rao Demo 11,KSP-SYN-011,9110101526,fictional_subject_not_adjudicated,true
SYN-SUB-052,Girish Kumar Demo 11,KSP-SYN-011,9110201545,fictional_subject_not_adjudicated,true
SYN-SUB-053,Girish Patil Demo 11,KSP-SYN-011,9110301564,fictional_subject_not_adjudicated,true
SYN-SUB-054,Girish Shetty Demo 11,KSP-SYN-011,9110401583,fictional_subject_not_adjudicated,true
SYN-SUB-055,Girish Kulkarni Demo 11,KSP-SYN-011,9110501602,fictional_subject_not_adjudicated,true
SYN-SUB-056,Harini Rao Demo 12,KSP-SYN-012,9120101663,fictional_subject_not_adjudicated,true
SYN-SUB-057,Harini Kumar Demo 12,KSP-SYN-012,9120201682,fictional_subject_not_adjudicated,true
SYN-SUB-058,Harini Patil Demo 12,KSP-SYN-012,9120301701,fictional_subject_not_adjudicated,true
SYN-SUB-059,Harini Shetty Demo 12,KSP-SYN-012,9120401720,fictional_subject_not_adjudicated,true
SYN-SUB-060,Harini Kulkarni Demo 12,KSP-SYN-012,9120501739,fictional_subject_not_adjudicated,true
SYN-SUB-061,Irfan Rao Demo 13,KSP-SYN-013,9130101800,fictional_subject_not_adjudicated,true
SYN-SUB-062,Irfan Kumar Demo 13,KSP-SYN-013,9130201819,fictional_subject_not_adjudicated,true
SYN-SUB-063,Irfan Patil Demo 13,KSP-SYN-013,9130301838,fictional_subject_not_adjudicated,true
SYN-SUB-064,Irfan Shetty Demo 13,KSP-SYN-013,9130401857,fictional_subject_not_adjudicated,true
SYN-SUB-065,Irfan Kulkarni Demo 13,KSP-SYN-013,9130501876,fictional_subject_not_adjudicated,true
SYN-SUB-066,Jaya Rao Demo 14,KSP-SYN-014,9140101937,fictional_subject_not_adjudicated,true
SYN-SUB-067,Jaya Kumar Demo 14,KSP-SYN-014,9140201956,fictional_subject_not_adjudicated,true
SYN-SUB-068,Jaya Patil Demo 14,KSP-SYN-014,9140301975,fictional_subject_not_adjudicated,true
SYN-SUB-069,Jaya Shetty Demo 14,KSP-SYN-014,9140401994,fictional_subject_not_adjudicated,true
SYN-SUB-070,Jaya Kulkarni Demo 14,KSP-SYN-014,9140502013,fictional_subject_not_adjudicated,true
SYN-SUB-071,Karan Rao Demo 15,KSP-SYN-015,9150102074,fictional_subject_not_adjudicated,true
SYN-SUB-072,Karan Kumar Demo 15,KSP-SYN-015,9150202093,fictional_subject_not_adjudicated,true
SYN-SUB-073,Karan Patil Demo 15,KSP-SYN-015,9150302112,fictional_subject_not_adjudicated,true
SYN-SUB-074,Karan Shetty Demo 15,KSP-SYN-015,9150402131,fictional_subject_not_adjudicated,true
SYN-SUB-075,Karan Kulkarni Demo 15,KSP-SYN-015,9150502150,fictional_subject_not_adjudicated,true
SYN-SUB-076,Lakshmi Rao Demo 16,KSP-SYN-016,9160102211,fictional_subject_not_adjudicated,true
SYN-SUB-077,Lakshmi Kumar Demo 16,KSP-SYN-016,9160202230,fictional_subject_not_adjudicated,true
SYN-SUB-078,Lakshmi Patil Demo 16,KSP-SYN-016,9160302249,fictional_subject_not_adjudicated,true
SYN-SUB-079,Lakshmi Shetty Demo 16,KSP-SYN-016,9160402268,fictional_subject_not_adjudicated,true
SYN-SUB-080,Lakshmi Kulkarni Demo 16,KSP-SYN-016,9160502287,fictional_subject_not_adjudicated,true
SYN-SUB-081,Manoj Rao Demo 17,KSP-SYN-017,9170102348,fictional_subject_not_adjudicated,true
SYN-SUB-082,Manoj Kumar Demo 17,KSP-SYN-017,9170202367,fictional_subject_not_adjudicated,true
SYN-SUB-083,Manoj Patil Demo 17,KSP-SYN-017,9170302386,fictional_subject_not_adjudicated,true
SYN-SUB-084,Manoj Shetty Demo 17,KSP-SYN-017,9170402405,fictional_subject_not_adjudicated,true
SYN-SUB-085,Manoj Kulkarni Demo 17,KSP-SYN-017,9170502424,fictional_subject_not_adjudicated,true
SYN-SUB-086,Nisha Rao Demo 18,KSP-SYN-018,9180102485,fictional_subject_not_adjudicated,true
SYN-SUB-087,Nisha Kumar Demo 18,KSP-SYN-018,9180202504,fictional_subject_not_adjudicated,true
SYN-SUB-088,Nisha Patil Demo 18,KSP-SYN-018,9180302523,fictional_subject_not_adjudicated,true
SYN-SUB-089,Nisha Shetty Demo 18,KSP-SYN-018,9180402542,fictional_subject_not_adjudicated,true
SYN-SUB-090,Nisha Kulkarni Demo 18,KSP-SYN-018,9180502561,fictional_subject_not_adjudicated,true
SYN-SUB-091,Omkar Rao Demo 19,KSP-SYN-019,9190102622,fictional_subject_not_adjudicated,true
SYN-SUB-092,Omkar Kumar Demo 19,KSP-SYN-019,9190202641,fictional_subject_not_adjudicated,true
SYN-SUB-093,Omkar Patil Demo 19,KSP-SYN-019,9190302660,fictional_subject_not_adjudicated,true
SYN-SUB-094,Omkar Shetty Demo 19,KSP-SYN-019,9190402679,fictional_subject_not_adjudicated,true
SYN-SUB-095,Omkar Kulkarni Demo 19,KSP-SYN-019,9190502698,fictional_subject_not_adjudicated,true
SYN-SUB-096,Pooja Rao Demo 20,KSP-SYN-020,9200102759,fictional_subject_not_adjudicated,true
SYN-SUB-097,Pooja Kumar Demo 20,KSP-SYN-020,9200202778,fictional_subject_not_adjudicated,true
SYN-SUB-098,Pooja Patil Demo 20,KSP-SYN-020,9200302797,fictional_subject_not_adjudicated,true
SYN-SUB-099,Pooja Shetty Demo 20,KSP-SYN-020,9200402816,fictional_subject_not_adjudicated,true
SYN-SUB-100,Pooja Kulkarni Demo 20,KSP-SYN-020,9200502835,fictional_subject_not_adjudicated,true
